<?xml version="1.0" encoding="UTF-8" ?>
<!DOCTYPE mapper PUBLIC "-//mybatis.org//DTD Mapper 3.0//EN" 
	"http://mybatis.org/dtd/mybatis-3-mapper.dtd">

<mapper namespace="com.ssafy.trip.notice.model.mapper.NoticeBoardMapper">
	<resultMap id="noticeboardMap" type="noticeboardDto">
		<result column="user_id" property="user_id" jdbcType="VARCHAR" javaType="String"/>
		<result column="article_no" property="article_no" jdbcType="INTEGER" javaType="String"/>
		<result column="subject" property="subject" jdbcType="VARCHAR" javaType="String"/>
		<result column="content" property="content" jdbcType="VARCHAR" javaType="String"/>
		<result column="register_time" property="register_time" jdbcType="VARCHAR" javaType="String"/>
		<result column="hit" property="hit" jdbcType="INTEGER" javaType="String"/>
	</resultMap>

	<select id="allNoticeList" resultMap="noticeboardMap">
		select user_id, article_no, subject, content, register_time, hit from notice_board
	</select>
	
	<insert id="write" parameterType="noticeboardDto">
		insert into notice_board (user_id, article_no, subject, content, register_time, hit) value(#{user_id}, #{article_no}, #{subject}, #{content}, now(), 0)
	</insert>

</mapper>