<?xml version="1.0" encoding="UTF-8" ?>
<!DOCTYPE configuration PUBLIC "-//mybatis.org//DTD Config 3.0//EN"
"http://mybatis.org/dtd/mybatis-3-config.dtd">

<configuration>

	<properties resource="dbinfo.properties"/>

	<typeAliases>
		<typeAlias type="com.ssafy.trip.attraction.model.AttractionInfoDto" alias="attractionDto" />
		<typeAlias type="com.ssafy.trip.comment.model.CommentDto" alias="commentDto" />
		<typeAlias type="com.ssafy.trip.freeboard.model.FreeBoardDto" alias="freeBoardDto" />
		<typeAlias type="com.ssafy.trip.member.model.MemberDto" alias="memberDto" />
		<typeAlias type="com.ssafy.trip.notice.model.NoticeBoardDto" alias="noticeBoardDto" />
		<typeAlias type="com.ssafy.trip.route.model.TravelRouteDto" alias="travelRouteDto" />
		<typeAlias type="com.ssafy.trip.travelboard.model.TravelBoardDto" alias="travelBoardDto" />
	</typeAliases>
	
	<environments default="development">
        <environment id="development">
            <transactionManager type="JDBC"/>
            <dataSource type="POOLED">
                <property name="driver" value="${driver}"/>
                <property name="url" value="${url}"/>
                <property name="username" value="${dbid}"/>
                <property name="password" value="${dbpwd}"/>
            </dataSource>
        </environment>
    </environments>
    
    <!--<environments default="development">
        <environment id="development">
            <transactionManager type="JDBC" />
            <dataSource type="JNDI">
                <property value="java:comp/env/jdbc/ssafy" name="data_source"/>
            </dataSource>
        </environment>
    </environments>-->
    
    <mappers>
		<mapper resource="mapper/attractionMapper.xml" />
		<mapper resource="mapper/commentMapper.xml" />
		<mapper resource="mapper/freeboardMapper.xml" />
		<mapper resource="mapper/memberMapper.xml" />
		<mapper resource="mapper/noticeboardMapper.xml" />
		<mapper resource="mapper/routeMapper.xml" />
		<mapper resource="mapper/travelboardMapper.xml" />
	</mappers>
	
</configuration>
